"","p.2.5.","p.97.5.","q.2.5.","q.97.5.","mean2nd","species","phylum"
"1",0.21492755,0.459420175,0.00108571925,0.00933816625,0.3289966761,"Rana catesbeiana","Amphibia"
