"","2.5%","97.5%","species","meanocc","phylum"
"1",0.00299339168448237,0.768777670758716,"Rana catesbeiana",0.192365009969431,"Amphibia"
